project,bug,class,concat
Chart,1,source/org/jfree/chart/renderer/category/AbstractCategoryItemRenderer.java,Chart-1
Chart,2,source/org/jfree/data/general/DatasetUtilities.java,Chart-2
Chart,5,source/org/jfree/data/xy/XYSeries.java,Chart-5
Chart,9,source/org/jfree/data/time/TimeSeries.java,Chart-9
Chart,11,source/org/jfree/chart/util/ShapeUtilities.java,Chart-11
Chart,12,source/org/jfree/chart/plot/MultiplePiePlot.java,Chart-12
Chart,16,source/org/jfree/data/category/DefaultIntervalCategoryDataset.java,Chart-16
Chart,17,source/org/jfree/data/time/TimeSeries.java,Chart-17
Closure,1,src/com/google/javascript/jscomp/RemoveUnusedVars.java,Closure-1
Closure,10,src/com/google/javascript/jscomp/NodeUtil.java,Closure-10
Closure,100,src/com/google/javascript/jscomp/CheckGlobalThis.java,Closure-100
Closure,101,src/com/google/javascript/jscomp/CommandLineRunner.java,Closure-101
Closure,102,src/com/google/javascript/jscomp/Normalize.java,Closure-102
Closure,103,src/com/google/javascript/jscomp/DisambiguateProperties.java,Closure-103
Closure,104,src/com/google/javascript/rhino/jstype/UnionType.java,Closure-104
Closure,105,src/com/google/javascript/jscomp/FoldConstants.java,Closure-105
Closure,106,src/com/google/javascript/rhino/JSDocInfoBuilder.java,Closure-106
Closure,107,src/com/google/javascript/jscomp/CommandLineRunner.java,Closure-107
Closure,108,src/com/google/javascript/jscomp/ScopedAliases.java,Closure-108
Closure,109,src/com/google/javascript/jscomp/parsing/JsDocInfoParser.java,Closure-109
Closure,11,src/com/google/javascript/jscomp/TypeCheck.java,Closure-11
Closure,110,src/com/google/javascript/jscomp/ScopedAliases.java,Closure-110
Closure,111,src/com/google/javascript/jscomp/type/ClosureReverseAbstractInterpreter.java,Closure-111
Closure,112,src/com/google/javascript/jscomp/TypeInference.java,Closure-112
Closure,113,src/com/google/javascript/jscomp/ProcessClosurePrimitives.java,Closure-113
Closure,114,src/com/google/javascript/jscomp/NameAnalyzer.java,Closure-114
Closure,115,src/com/google/javascript/jscomp/FunctionInjector.java,Closure-115
Closure,116,src/com/google/javascript/jscomp/FunctionInjector.java,Closure-116
Closure,117,src/com/google/javascript/jscomp/TypeValidator.java,Closure-117
Closure,118,src/com/google/javascript/jscomp/DisambiguateProperties.java,Closure-118
Closure,119,src/com/google/javascript/jscomp/GlobalNamespace.java,Closure-119
Closure,12,src/com/google/javascript/jscomp/MaybeReachingVariableUse.java,Closure-12
Closure,120,src/com/google/javascript/jscomp/ReferenceCollectingCallback.java,Closure-120
Closure,121,src/com/google/javascript/jscomp/InlineVariables.java,Closure-121
Closure,122,src/com/google/javascript/jscomp/parsing/IRFactory.java,Closure-122
Closure,123,src/com/google/javascript/jscomp/CodeGenerator.java,Closure-123
Closure,124,src/com/google/javascript/jscomp/ExploitAssigns.java,Closure-124
Closure,125,src/com/google/javascript/jscomp/TypeCheck.java,Closure-125
Closure,126,src/com/google/javascript/jscomp/MinimizeExitPoints.java,Closure-126
Closure,127,src/com/google/javascript/jscomp/UnreachableCodeElimination.java,Closure-127
Closure,128,src/com/google/javascript/jscomp/CodeGenerator.java,Closure-128
Closure,129,src/com/google/javascript/jscomp/PrepareAst.java,Closure-129
Closure,13,src/com/google/javascript/jscomp/PeepholeOptimizationsPass.java,Closure-13
Closure,130,src/com/google/javascript/jscomp/CollapseProperties.java,Closure-130
Closure,131,src/com/google/javascript/rhino/TokenStream.java,Closure-131
Closure,132,src/com/google/javascript/jscomp/PeepholeSubstituteAlternateSyntax.java,Closure-132
Closure,133,src/com/google/javascript/jscomp/parsing/JsDocInfoParser.java,Closure-133
Closure,14,src/com/google/javascript/jscomp/ControlFlowAnalysis.java,Closure-14
Closure,15,src/com/google/javascript/jscomp/FlowSensitiveInlineVariables.java,Closure-15
Closure,16,src/com/google/javascript/jscomp/ScopedAliases.java,Closure-16
Closure,17,src/com/google/javascript/jscomp/TypedScopeCreator.java,Closure-17
Closure,18,src/com/google/javascript/jscomp/Compiler.java,Closure-18
Closure,19,src/com/google/javascript/jscomp/type/ChainableReverseAbstractInterpreter.java,Closure-19
Closure,2,src/com/google/javascript/jscomp/TypeCheck.java,Closure-2
Closure,20,src/com/google/javascript/jscomp/PeepholeSubstituteAlternateSyntax.java,Closure-20
Closure,21,src/com/google/javascript/jscomp/CheckSideEffects.java,Closure-21
Closure,22,src/com/google/javascript/jscomp/CheckSideEffects.java,Closure-22
Closure,23,src/com/google/javascript/jscomp/PeepholeFoldConstants.java,Closure-23
Closure,24,src/com/google/javascript/jscomp/ScopedAliases.java,Closure-24
Closure,25,src/com/google/javascript/jscomp/TypeInference.java,Closure-25
Closure,26,src/com/google/javascript/jscomp/ProcessCommonJSModules.java,Closure-26
Closure,27,src/com/google/javascript/rhino/IR.java,Closure-27
Closure,29,src/com/google/javascript/jscomp/InlineObjectLiterals.java,Closure-29
Closure,3,src/com/google/javascript/jscomp/FlowSensitiveInlineVariables.java,Closure-3
Closure,30,src/com/google/javascript/jscomp/MustBeReachingVariableDef.java,Closure-30
Closure,31,src/com/google/javascript/jscomp/Compiler.java,Closure-31
Closure,32,src/com/google/javascript/jscomp/parsing/JsDocInfoParser.java,Closure-32
Closure,33,src/com/google/javascript/rhino/jstype/PrototypeObjectType.java,Closure-33
Closure,34,src/com/google/javascript/jscomp/CodeGenerator.java,Closure-34
Closure,35,src/com/google/javascript/jscomp/TypeInference.java,Closure-35
Closure,36,src/com/google/javascript/jscomp/InlineVariables.java,Closure-36
Closure,37,src/com/google/javascript/jscomp/NodeTraversal.java,Closure-37
Closure,38,src/com/google/javascript/jscomp/CodeConsumer.java,Closure-38
Closure,39,src/com/google/javascript/rhino/jstype/PrototypeObjectType.java,Closure-39
Closure,4,src/com/google/javascript/rhino/jstype/NamedType.java,Closure-4
Closure,40,src/com/google/javascript/jscomp/NameAnalyzer.java,Closure-40
Closure,41,src/com/google/javascript/jscomp/FunctionTypeBuilder.java,Closure-41
Closure,42,src/com/google/javascript/jscomp/parsing/IRFactory.java,Closure-42
Closure,43,src/com/google/javascript/jscomp/TypedScopeCreator.java,Closure-43
Closure,44,src/com/google/javascript/jscomp/CodeConsumer.java,Closure-44
Closure,45,src/com/google/javascript/jscomp/RemoveUnusedVars.java,Closure-45
Closure,46,src/com/google/javascript/rhino/jstype/RecordType.java,Closure-46
Closure,47,src/com/google/javascript/jscomp/SourceMap.java,Closure-47
Closure,48,src/com/google/javascript/jscomp/TypedScopeCreator.java,Closure-48
Closure,49,src/com/google/javascript/jscomp/MakeDeclaredNamesUnique.java,Closure-49
Closure,5,src/com/google/javascript/jscomp/InlineObjectLiterals.java,Closure-5
Closure,50,src/com/google/javascript/jscomp/PeepholeReplaceKnownMethods.java,Closure-50
Closure,51,src/com/google/javascript/jscomp/CodeConsumer.java,Closure-51
Closure,52,src/com/google/javascript/jscomp/CodeGenerator.java,Closure-52
Closure,53,src/com/google/javascript/jscomp/InlineObjectLiterals.java,Closure-53
Closure,54,src/com/google/javascript/jscomp/TypedScopeCreator.java,Closure-54
Closure,55,src/com/google/javascript/jscomp/FunctionRewriter.java,Closure-55
Closure,56,src/com/google/javascript/jscomp/SourceFile.java,Closure-56
Closure,57,src/com/google/javascript/jscomp/ClosureCodingConvention.java,Closure-57
Closure,58,src/com/google/javascript/jscomp/LiveVariablesAnalysis.java,Closure-58
Closure,59,src/com/google/javascript/jscomp/Compiler.java,Closure-59
Closure,6,src/com/google/javascript/jscomp/TypeValidator.java,Closure-6
Closure,60,src/com/google/javascript/jscomp/NodeUtil.java,Closure-60
Closure,61,src/com/google/javascript/jscomp/NodeUtil.java,Closure-61
Closure,62,src/com/google/javascript/jscomp/LightweightMessageFormatter.java,Closure-62
Closure,64,src/com/google/javascript/jscomp/Compiler.java,Closure-64
Closure,65,src/com/google/javascript/jscomp/CodeGenerator.java,Closure-65
Closure,66,src/com/google/javascript/jscomp/TypeCheck.java,Closure-66
Closure,67,src/com/google/javascript/jscomp/AnalyzePrototypeProperties.java,Closure-67
Closure,68,src/com/google/javascript/jscomp/parsing/JsDocInfoParser.java,Closure-68
Closure,69,src/com/google/javascript/jscomp/TypeCheck.java,Closure-69
Closure,7,src/com/google/javascript/jscomp/type/ChainableReverseAbstractInterpreter.java,Closure-7
Closure,70,src/com/google/javascript/jscomp/TypedScopeCreator.java,Closure-70
Closure,71,src/com/google/javascript/jscomp/CheckAccessControls.java,Closure-71
Closure,72,src/com/google/javascript/jscomp/RenameLabels.java,Closure-72
Closure,73,src/com/google/javascript/jscomp/CodeGenerator.java,Closure-73
Closure,74,src/com/google/javascript/jscomp/PeepholeFoldConstants.java,Closure-74
Closure,75,src/com/google/javascript/jscomp/NodeUtil.java,Closure-75
Closure,76,src/com/google/javascript/jscomp/DeadAssignmentsElimination.java,Closure-76
Closure,77,src/com/google/javascript/jscomp/CodeGenerator.java,Closure-77
Closure,78,src/com/google/javascript/jscomp/PeepholeFoldConstants.java,Closure-78
Closure,79,src/com/google/javascript/jscomp/Normalize.java,Closure-79
Closure,8,src/com/google/javascript/jscomp/CollapseVariableDeclarations.java,Closure-8
Closure,80,src/com/google/javascript/jscomp/NodeUtil.java,Closure-80
Closure,81,src/com/google/javascript/jscomp/parsing/IRFactory.java,Closure-81
Closure,82,src/com/google/javascript/rhino/jstype/JSType.java,Closure-82
Closure,83,src/com/google/javascript/jscomp/CommandLineRunner.java,Closure-83
Closure,84,src/com/google/javascript/jscomp/parsing/IRFactory.java,Closure-84
Closure,85,src/com/google/javascript/jscomp/UnreachableCodeElimination.java,Closure-85
Closure,86,src/com/google/javascript/jscomp/NodeUtil.java,Closure-86
Closure,87,src/com/google/javascript/jscomp/PeepholeSubstituteAlternateSyntax.java,Closure-87
Closure,88,src/com/google/javascript/jscomp/DeadAssignmentsElimination.java,Closure-88
Closure,89,src/com/google/javascript/jscomp/GlobalNamespace.java,Closure-89
Closure,9,src/com/google/javascript/jscomp/ProcessCommonJSModules.java,Closure-9
Closure,90,src/com/google/javascript/jscomp/FunctionTypeBuilder.java,Closure-90
Closure,91,src/com/google/javascript/jscomp/CheckGlobalThis.java,Closure-91
Closure,92,src/com/google/javascript/jscomp/ProcessClosurePrimitives.java,Closure-92
Closure,94,src/com/google/javascript/jscomp/NodeUtil.java,Closure-94
Closure,95,src/com/google/javascript/jscomp/TypedScopeCreator.java,Closure-95
Closure,96,src/com/google/javascript/jscomp/TypeCheck.java,Closure-96
Closure,97,src/com/google/javascript/jscomp/PeepholeFoldConstants.java,Closure-97
Closure,98,src/com/google/javascript/jscomp/ReferenceCollectingCallback.java,Closure-98
Closure,99,src/com/google/javascript/jscomp/CheckGlobalThis.java,Closure-99
Lang,1,src/main/java/org/apache/commons/lang3/math/NumberUtils.java,Lang-1
Lang,10,src/main/java/org/apache/commons/lang3/time/FastDateParser.java,Lang-10
Lang,11,src/main/java/org/apache/commons/lang3/RandomStringUtils.java,Lang-11
Lang,12,src/main/java/org/apache/commons/lang3/RandomStringUtils.java,Lang-12
Lang,13,src/main/java/org/apache/commons/lang3/SerializationUtils.java,Lang-13
Lang,14,src/main/java/org/apache/commons/lang3/StringUtils.java,Lang-14
Lang,15,src/main/java/org/apache/commons/lang3/reflect/TypeUtils.java,Lang-15
Lang,16,src/main/java/org/apache/commons/lang3/math/NumberUtils.java,Lang-16
Lang,17,src/main/java/org/apache/commons/lang3/text/translate/CharSequenceTranslator.java,Lang-17
Lang,18,src/main/java/org/apache/commons/lang3/time/FastDateFormat.java,Lang-18
Lang,19,src/main/java/org/apache/commons/lang3/text/translate/NumericEntityUnescaper.java,Lang-19
Lang,20,src/main/java/org/apache/commons/lang3/StringUtils.java,Lang-20
Lang,21,src/main/java/org/apache/commons/lang3/time/DateUtils.java,Lang-21
Lang,22,src/main/java/org/apache/commons/lang3/math/Fraction.java,Lang-22
Lang,24,src/main/java/org/apache/commons/lang3/math/NumberUtils.java,Lang-24
Lang,26,src/main/java/org/apache/commons/lang3/time/FastDateFormat.java,Lang-26
Lang,27,src/main/java/org/apache/commons/lang3/math/NumberUtils.java,Lang-27
Lang,28,src/main/java/org/apache/commons/lang3/text/translate/NumericEntityUnescaper.java,Lang-28
Lang,3,src/main/java/org/apache/commons/lang3/math/NumberUtils.java,Lang-3
Lang,30,src/main/java/org/apache/commons/lang3/StringUtils.java,Lang-30
Lang,31,src/main/java/org/apache/commons/lang3/StringUtils.java,Lang-31
Lang,32,src/main/java/org/apache/commons/lang3/builder/HashCodeBuilder.java,Lang-32
Lang,33,src/main/java/org/apache/commons/lang3/ClassUtils.java,Lang-33
Lang,34,src/main/java/org/apache/commons/lang3/builder/ToStringStyle.java,Lang-34
Lang,35,src/main/java/org/apache/commons/lang3/ArrayUtils.java,Lang-35
Lang,37,src/java/org/apache/commons/lang3/ArrayUtils.java,Lang-37
Lang,38,src/java/org/apache/commons/lang3/time/FastDateFormat.java,Lang-38
Lang,39,src/java/org/apache/commons/lang3/StringUtils.java,Lang-39
Lang,4,src/main/java/org/apache/commons/lang3/text/translate/LookupTranslator.java,Lang-4
Lang,40,src/java/org/apache/commons/lang/StringUtils.java,Lang-40
Lang,41,src/java/org/apache/commons/lang/ClassUtils.java,Lang-41
Lang,43,src/java/org/apache/commons/lang/text/ExtendedMessageFormat.java,Lang-43
Lang,44,src/java/org/apache/commons/lang/NumberUtils.java,Lang-44
Lang,45,src/java/org/apache/commons/lang/WordUtils.java,Lang-45
Lang,46,src/java/org/apache/commons/lang/StringEscapeUtils.java,Lang-46
Lang,47,src/java/org/apache/commons/lang/text/StrBuilder.java,Lang-47
Lang,48,src/java/org/apache/commons/lang/builder/EqualsBuilder.java,Lang-48
Lang,49,src/java/org/apache/commons/lang/math/Fraction.java,Lang-49
Lang,5,src/main/java/org/apache/commons/lang3/LocaleUtils.java,Lang-5
Lang,50,src/java/org/apache/commons/lang/time/FastDateFormat.java,Lang-50
Lang,51,src/java/org/apache/commons/lang/BooleanUtils.java,Lang-51
Lang,52,src/java/org/apache/commons/lang/StringEscapeUtils.java,Lang-52
Lang,53,src/java/org/apache/commons/lang/time/DateUtils.java,Lang-53
Lang,54,src/java/org/apache/commons/lang/LocaleUtils.java,Lang-54
Lang,55,src/java/org/apache/commons/lang/time/StopWatch.java,Lang-55
Lang,56,src/java/org/apache/commons/lang/time/FastDateFormat.java,Lang-56
Lang,57,src/java/org/apache/commons/lang/LocaleUtils.java,Lang-57
Lang,58,src/java/org/apache/commons/lang/math/NumberUtils.java,Lang-58
Lang,59,src/java/org/apache/commons/lang/text/StrBuilder.java,Lang-59
Lang,6,src/main/java/org/apache/commons/lang3/text/translate/CharSequenceTranslator.java,Lang-6
Lang,60,src/java/org/apache/commons/lang/text/StrBuilder.java,Lang-60
Lang,61,src/java/org/apache/commons/lang/text/StrBuilder.java,Lang-61
Lang,63,src/java/org/apache/commons/lang/time/DurationFormatUtils.java,Lang-63
Lang,64,src/java/org/apache/commons/lang/enums/ValuedEnum.java,Lang-64
Lang,65,src/java/org/apache/commons/lang/time/DateUtils.java,Lang-65
Lang,7,src/main/java/org/apache/commons/lang3/math/NumberUtils.java,Lang-7
Lang,8,src/main/java/org/apache/commons/lang3/time/FastDatePrinter.java,Lang-8
Lang,9,src/main/java/org/apache/commons/lang3/time/FastDateParser.java,Lang-9
Math,1,src/main/java/org/apache/commons/math3/fraction/Fraction.java,Math-1
Math,10,src/main/java/org/apache/commons/math3/analysis/differentiation/DSCompiler.java,Math-10
Math,101,src/java/org/apache/commons/math/complex/ComplexFormat.java,Math-101
Math,102,src/java/org/apache/commons/math/stat/inference/ChiSquareTestImpl.java,Math-102
Math,103,src/java/org/apache/commons/math/distribution/NormalDistributionImpl.java,Math-103
Math,104,src/java/org/apache/commons/math/special/Gamma.java,Math-104
Math,105,src/java/org/apache/commons/math/stat/regression/SimpleRegression.java,Math-105
Math,106,src/java/org/apache/commons/math/fraction/ProperFractionFormat.java,Math-106
Math,12,src/main/java/org/apache/commons/math3/random/BitsStreamGenerator.java,Math-12
Math,13,src/main/java/org/apache/commons/math3/optimization/general/AbstractLeastSquaresOptimizer.java,Math-13
Math,14,src/main/java/org/apache/commons/math3/optim/nonlinear/vector/Weight.java,Math-14
Math,15,src/main/java/org/apache/commons/math3/util/FastMath.java,Math-15
Math,16,src/main/java/org/apache/commons/math3/util/FastMath.java,Math-16
Math,17,src/main/java/org/apache/commons/math3/dfp/Dfp.java,Math-17
Math,18,src/main/java/org/apache/commons/math3/optimization/direct/CMAESOptimizer.java,Math-18
Math,19,src/main/java/org/apache/commons/math3/optimization/direct/CMAESOptimizer.java,Math-19
Math,2,src/main/java/org/apache/commons/math3/distribution/HypergeometricDistribution.java,Math-2
Math,20,src/main/java/org/apache/commons/math3/optimization/direct/CMAESOptimizer.java,Math-20
Math,21,src/main/java/org/apache/commons/math3/linear/RectangularCholeskyDecomposition.java,Math-21
Math,22,src/main/java/org/apache/commons/math3/distribution/FDistribution.java,Math-22
Math,22,src/main/java/org/apache/commons/math3/distribution/UniformRealDistribution.java,Math-22
Math,23,src/main/java/org/apache/commons/math3/optimization/univariate/BrentOptimizer.java,Math-23
Math,24,src/main/java/org/apache/commons/math3/optimization/univariate/BrentOptimizer.java,Math-24
Math,25,src/main/java/org/apache/commons/math3/optimization/fitting/HarmonicFitter.java,Math-25
Math,26,src/main/java/org/apache/commons/math3/fraction/Fraction.java,Math-26
Math,27,src/main/java/org/apache/commons/math3/fraction/Fraction.java,Math-27
Math,28,src/main/java/org/apache/commons/math3/optimization/linear/SimplexSolver.java,Math-28
Math,29,src/main/java/org/apache/commons/math3/linear/OpenMapRealVector.java,Math-29
Math,3,src/main/java/org/apache/commons/math3/util/MathArrays.java,Math-3
Math,30,src/main/java/org/apache/commons/math3/stat/inference/MannWhitneyUTest.java,Math-30
Math,31,src/main/java/org/apache/commons/math3/util/ContinuedFraction.java,Math-31
Math,32,src/main/java/org/apache/commons/math3/geometry/euclidean/twod/PolygonsSet.java,Math-32
Math,33,src/main/java/org/apache/commons/math3/optimization/linear/SimplexTableau.java,Math-33
Math,34,src/main/java/org/apache/commons/math3/genetics/ListPopulation.java,Math-34
Math,35,src/main/java/org/apache/commons/math3/genetics/ElitisticListPopulation.java,Math-35
Math,36,src/main/java/org/apache/commons/math/fraction/BigFraction.java,Math-36
Math,37,src/main/java/org/apache/commons/math/complex/Complex.java,Math-37
Math,38,src/main/java/org/apache/commons/math/optimization/direct/BOBYQAOptimizer.java,Math-38
Math,39,src/main/java/org/apache/commons/math/ode/nonstiff/EmbeddedRungeKuttaIntegrator.java,Math-39
Math,4,src/main/java/org/apache/commons/math3/geometry/euclidean/threed/SubLine.java,Math-4
Math,40,src/main/java/org/apache/commons/math/analysis/solvers/BracketingNthOrderBrentSolver.java,Math-40
Math,41,src/main/java/org/apache/commons/math/stat/descriptive/moment/Variance.java,Math-41
Math,42,src/main/java/org/apache/commons/math/optimization/linear/SimplexTableau.java,Math-42
Math,43,src/main/java/org/apache/commons/math/stat/descriptive/SummaryStatistics.java,Math-43
Math,44,src/main/java/org/apache/commons/math/ode/AbstractIntegrator.java,Math-44
Math,45,src/main/java/org/apache/commons/math/linear/OpenMapRealMatrix.java,Math-45
Math,46,src/main/java/org/apache/commons/math/complex/Complex.java,Math-46
Math,47,src/main/java/org/apache/commons/math/complex/Complex.java,Math-47
Math,48,src/main/java/org/apache/commons/math/analysis/solvers/BaseSecantSolver.java,Math-48
Math,49,src/main/java/org/apache/commons/math/linear/OpenMapRealVector.java,Math-49
Math,5,src/main/java/org/apache/commons/math3/complex/Complex.java,Math-5
Math,50,src/main/java/org/apache/commons/math/analysis/solvers/BaseSecantSolver.java,Math-50
Math,51,src/main/java/org/apache/commons/math/analysis/solvers/BaseSecantSolver.java,Math-51
Math,52,src/main/java/org/apache/commons/math/geometry/euclidean/threed/Rotation.java,Math-52
Math,53,src/main/java/org/apache/commons/math/complex/Complex.java,Math-53
Math,54,src/main/java/org/apache/commons/math/dfp/Dfp.java,Math-54
Math,55,src/main/java/org/apache/commons/math/geometry/Vector3D.java,Math-55
Math,56,src/main/java/org/apache/commons/math/util/MultidimensionalCounter.java,Math-56
Math,57,src/main/java/org/apache/commons/math/stat/clustering/KMeansPlusPlusClusterer.java,Math-57
Math,58,src/main/java/org/apache/commons/math/optimization/fitting/GaussianFitter.java,Math-58
Math,59,src/main/java/org/apache/commons/math/util/FastMath.java,Math-59
Math,6,src/main/java/org/apache/commons/math3/optim/nonlinear/scalar/noderiv/PowellOptimizer.java,Math-6
Math,60,src/main/java/org/apache/commons/math/distribution/NormalDistributionImpl.java,Math-60
Math,61,src/main/java/org/apache/commons/math/distribution/PoissonDistributionImpl.java,Math-61
Math,62,src/main/java/org/apache/commons/math/optimization/univariate/MultiStartUnivariateRealOptimizer.java,Math-62
Math,63,src/main/java/org/apache/commons/math/util/MathUtils.java,Math-63
Math,64,src/main/java/org/apache/commons/math/optimization/general/LevenbergMarquardtOptimizer.java,Math-64
Math,65,src/main/java/org/apache/commons/math/optimization/general/AbstractLeastSquaresOptimizer.java,Math-65
Math,66,src/main/java/org/apache/commons/math/optimization/univariate/BrentOptimizer.java,Math-66
Math,67,src/main/java/org/apache/commons/math/optimization/MultiStartUnivariateRealOptimizer.java,Math-67
Math,68,src/main/java/org/apache/commons/math/optimization/general/LevenbergMarquardtOptimizer.java,Math-68
Math,69,src/main/java/org/apache/commons/math/stat/correlation/PearsonsCorrelation.java,Math-69
Math,7,src/main/java/org/apache/commons/math3/ode/AbstractIntegrator.java,Math-7
Math,70,src/main/java/org/apache/commons/math/analysis/solvers/BisectionSolver.java,Math-70
Math,71,src/main/java/org/apache/commons/math/ode/nonstiff/RungeKuttaIntegrator.java,Math-71
Math,72,src/main/java/org/apache/commons/math/analysis/solvers/BrentSolver.java,Math-72
Math,73,src/main/java/org/apache/commons/math/analysis/solvers/BrentSolver.java,Math-73
Math,74,src/main/java/org/apache/commons/math/ode/nonstiff/EmbeddedRungeKuttaIntegrator.java,Math-74
Math,75,src/main/java/org/apache/commons/math/stat/Frequency.java,Math-75
Math,76,src/main/java/org/apache/commons/math/linear/SingularValueDecompositionImpl.java,Math-76
Math,77,src/main/java/org/apache/commons/math/linear/ArrayRealVector.java,Math-77
Math,78,src/main/java/org/apache/commons/math/ode/events/EventState.java,Math-78
Math,79,src/main/java/org/apache/commons/math/util/MathUtils.java,Math-79
Math,8,src/main/java/org/apache/commons/math3/distribution/DiscreteDistribution.java,Math-8
Math,80,src/main/java/org/apache/commons/math/linear/EigenDecompositionImpl.java,Math-80
Math,81,src/main/java/org/apache/commons/math/linear/EigenDecompositionImpl.java,Math-81
Math,82,src/main/java/org/apache/commons/math/optimization/linear/SimplexSolver.java,Math-82
Math,83,src/main/java/org/apache/commons/math/optimization/linear/SimplexTableau.java,Math-83
Math,84,src/main/java/org/apache/commons/math/optimization/direct/MultiDirectional.java,Math-84
Math,85,src/java/org/apache/commons/math/analysis/solvers/UnivariateRealSolverUtils.java,Math-85
Math,86,src/java/org/apache/commons/math/linear/CholeskyDecompositionImpl.java,Math-86
Math,87,src/java/org/apache/commons/math/optimization/linear/SimplexTableau.java,Math-87
Math,88,src/java/org/apache/commons/math/optimization/linear/SimplexTableau.java,Math-88
Math,89,src/java/org/apache/commons/math/stat/Frequency.java,Math-89
Math,9,src/main/java/org/apache/commons/math3/geometry/euclidean/threed/Line.java,Math-9
Math,90,src/java/org/apache/commons/math/stat/Frequency.java,Math-90
Math,91,src/java/org/apache/commons/math/fraction/Fraction.java,Math-91
Math,92,src/java/org/apache/commons/math/util/MathUtils.java,Math-92
Math,93,src/java/org/apache/commons/math/util/MathUtils.java,Math-93
Math,94,src/java/org/apache/commons/math/util/MathUtils.java,Math-94
Math,95,src/java/org/apache/commons/math/distribution/FDistributionImpl.java,Math-95
Math,96,src/java/org/apache/commons/math/complex/Complex.java,Math-96
Math,97,src/java/org/apache/commons/math/analysis/BrentSolver.java,Math-97
Math,98,src/java/org/apache/commons/math/linear/BigMatrixImpl.java,Math-98
Math,99,src/java/org/apache/commons/math/util/MathUtils.java,Math-99
Mockito,1,src/org/mockito/internal/invocation/InvocationMatcher.java,Mockito-1
Mockito,10,src/org/mockito/internal/stubbing/defaultanswers/ReturnsDeepStubs.java,Mockito-10
Mockito,11,src/org/mockito/internal/creation/DelegatingMethod.java,Mockito-11
Mockito,12,src/org/mockito/internal/util/reflection/GenericMaster.java,Mockito-12
Mockito,13,src/org/mockito/internal/MockHandler.java,Mockito-13
Mockito,14,src/org/mockito/internal/MockitoCore.java,Mockito-14
Mockito,15,src/org/mockito/internal/configuration/injection/FinalMockCandidateFilter.java,Mockito-15
Mockito,16,src/org/mockito/Mockito.java,Mockito-16
Mockito,17,src/org/mockito/internal/creation/MockSettingsImpl.java,Mockito-17
Mockito,18,src/org/mockito/internal/stubbing/defaultanswers/ReturnsEmptyValues.java,Mockito-18
Mockito,19,src/org/mockito/internal/configuration/injection/PropertyAndSetterInjection.java,Mockito-19
Mockito,2,src/org/mockito/internal/util/Timer.java,Mockito-2
Mockito,20,src/org/mockito/internal/creation/bytebuddy/ByteBuddyMockMaker.java,Mockito-20
Mockito,21,src/org/mockito/internal/creation/instance/ConstructorInstantiator.java,Mockito-21
Mockito,22,src/org/mockito/internal/matchers/Equality.java,Mockito-22
Mockito,23,src/org/mockito/internal/stubbing/defaultanswers/ReturnsDeepStubs.java,Mockito-23
Mockito,24,src/org/mockito/internal/stubbing/defaultanswers/ReturnsEmptyValues.java,Mockito-24
Mockito,25,src/org/mockito/internal/stubbing/defaultanswers/ReturnsDeepStubs.java,Mockito-25
Mockito,26,src/org/mockito/internal/util/Primitives.java,Mockito-26
Mockito,27,src/org/mockito/internal/util/MockUtil.java,Mockito-27
Mockito,28,src/org/mockito/internal/configuration/DefaultInjectionEngine.java,Mockito-28
Mockito,29,src/org/mockito/internal/matchers/Same.java,Mockito-29
Mockito,3,src/org/mockito/internal/invocation/InvocationMatcher.java,Mockito-3
Mockito,30,src/org/mockito/internal/stubbing/defaultanswers/ReturnsSmartNulls.java,Mockito-30
Mockito,31,src/org/mockito/internal/stubbing/defaultanswers/ReturnsSmartNulls.java,Mockito-31
Mockito,32,src/org/mockito/internal/configuration/SpyAnnotationEngine.java,Mockito-32
Mockito,33,src/org/mockito/internal/invocation/InvocationMatcher.java,Mockito-33
Mockito,34,src/org/mockito/internal/invocation/InvocationMatcher.java,Mockito-34
Mockito,35,src/org/mockito/Matchers.java,Mockito-35
Mockito,36,src/org/mockito/internal/invocation/Invocation.java,Mockito-36
Mockito,37,src/org/mockito/internal/stubbing/answers/AnswersValidator.java,Mockito-37
Mockito,38,src/org/mockito/internal/verification/argumentmatching/ArgumentMatchingTool.java,Mockito-38
Mockito,4,src/org/mockito/exceptions/Reporter.java,Mockito-4
Mockito,5,src/org/mockito/internal/verification/VerificationOverTimeImpl.java,Mockito-5
Mockito,6,src/org/mockito/Matchers.java,Mockito-6
Mockito,7,src/org/mockito/internal/util/reflection/GenericMetadataSupport.java,Mockito-7
Mockito,8,src/org/mockito/internal/util/reflection/GenericMetadataSupport.java,Mockito-8
Mockito,9,src/org/mockito/internal/stubbing/answers/CallsRealMethods.java,Mockito-9
Time,1,src/main/java/org/joda/time/Partial.java,Time-1
Time,11,src/main/java/org/joda/time/tz/ZoneInfoCompiler.java,Time-11
Time,12,src/main/java/org/joda/time/LocalDate.java,Time-12
Time,13,src/main/java/org/joda/time/format/PeriodFormatterBuilder.java,Time-13
Time,14,src/main/java/org/joda/time/chrono/BasicMonthOfYearDateTimeField.java,Time-14
Time,15,src/main/java/org/joda/time/field/FieldUtils.java,Time-15
Time,16,src/main/java/org/joda/time/format/DateTimeFormatter.java,Time-16
Time,17,src/main/java/org/joda/time/DateTimeZone.java,Time-17
Time,18,src/main/java/org/joda/time/chrono/GJChronology.java,Time-18
Time,19,src/main/java/org/joda/time/DateTimeZone.java,Time-19
Time,2,src/main/java/org/joda/time/Partial.java,Time-2
Time,20,src/main/java/org/joda/time/format/DateTimeFormatterBuilder.java,Time-20
Time,22,src/main/java/org/joda/time/base/BasePeriod.java,Time-22
Time,23,src/main/java/org/joda/time/DateTimeZone.java,Time-23
Time,24,src/main/java/org/joda/time/format/DateTimeParserBucket.java,Time-24
Time,25,src/main/java/org/joda/time/DateTimeZone.java,Time-25
Time,26,src/main/java/org/joda/time/chrono/ZonedChronology.java,Time-26
Time,27,src/main/java/org/joda/time/format/PeriodFormatterBuilder.java,Time-27
Time,3,src/main/java/org/joda/time/MutableDateTime.java,Time-3
Time,4,src/main/java/org/joda/time/Partial.java,Time-4
Time,6,src/main/java/org/joda/time/chrono/GJChronology.java,Time-6
Time,7,src/main/java/org/joda/time/format/DateTimeFormatter.java,Time-7
Time,8,src/main/java/org/joda/time/DateTimeZone.java,Time-8
Time,9,src/main/java/org/joda/time/DateTimeZone.java,Time-9
